"Model","Colon_Effect","Length_Effect","R_squared"
"Colon Only",-0.144172184785628,NA,0.00420400958477674
"Colon + Year",-0.142974104142222,NA,0.00472236399606166
"Colon + Year + Journal",-0.0364736605275462,NA,0.136351558134703
"Length Only",NA,-0.035824101523723,0.0200433418091685
"Length + Year",NA,-0.0357275643023929,0.0205196228030658
"Length + Year + Journal",NA,-0.0138973020469779,0.138924380978307
"Combined",0.0326237293124853,-0.0162612373074699,0.139286019722137
